,time,frame,n_pp_at_time,n_attentive_pp_at_time,IDs_people,IDs_attention,bb_people,bb_attention,total_pp_appear_uptotime,total_attentive_pp_appear_uptotime
0,0:00:00.400000,10,0,,,,,,0,0
1,0:00:00.440000,11,0,,,,,,0,0
2,0:00:00.480000,12,1,0,[1],,"[array([  0, 148,  55, 472])]",,1,0
3,0:00:00.520000,13,1,0,[1],,"[array([  0,  95,  60, 476])]",,1,0
4,0:00:00.560000,14,1,0,[1],,"[array([  0,  75,  66, 479])]",,1,0
5,0:00:00.600000,15,1,0,[1],,"[array([  0,  66,  74, 479])]",,1,0
6,0:00:00.640000,16,1,0,[1],,"[array([  0,  62,  76, 477])]",,1,0
7,0:00:00.680000,17,1,0,[1],,"[array([  0,  61,  77, 475])]",,1,0
8,0:00:00.720000,18,1,0,[1],,"[array([  0,  59,  86, 475])]",,1,0
9,0:00:00.760000,19,1,0,[1],,"[array([  0,  59,  93, 473])]",,1,0
10,0:00:00.800000,20,1,0,[1],,"[array([  0,  61,  98, 473])]",,1,0
11,0:00:00.840000,21,1,0,[1],,"[array([  0,  63, 102, 474])]",,1,0
12,0:00:00.880000,22,1,0,[1],,"[array([  0,  63, 105, 476])]",,1,0
13,0:00:00.920000,23,1,0,[1],,"[array([  0,  61, 114, 399])]",,1,0
14,0:00:00.960000,24,1,1,[1],[1],"[array([  0,  62, 109, 363])]","[array([11, 94, 62, 62])]",1,1
15,0:00:01,25,2,0,"[1, 2]",,"[array([  1,  62, 104, 348]), array([  1, 203, 138, 476])]",,2,1
16,0:00:01.040000,26,2,0,"[1, 2]",,"[array([  1,  61, 105, 340]), array([  1, 202, 142, 475])]",,2,1
17,0:00:01.080000,27,2,0,"[1, 2]",,"[array([  1,  60, 105, 341]), array([  0, 203, 153, 475])]",,2,1
18,0:00:01.120000,28,2,1,"[1, 2]",[1],"[array([  0,  61, 109, 327]), array([  0, 203, 158, 474])]","[array([13, 83, 75, 74])]",2,1
19,0:00:01.160000,29,2,0,"[1, 2]",,"[array([  0,  60, 113, 324]), array([  0, 204, 164, 474])]",,2,1
20,0:00:01.200000,30,2,1,"[1, 2]",[1],"[array([  1,  57, 116, 334]), array([  0, 204, 170, 474])]","[array([25, 89, 63, 62])]",2,1
21,0:00:01.240000,31,2,0,"[1, 2]",,"[array([  3,  57, 118, 372]), array([  1, 206, 172, 473])]",,2,1
22,0:00:01.280000,32,2,0,"[1, 2]",,"[array([  4,  54, 122, 421]), array([  2, 208, 170, 473])]",,2,1
23,0:00:01.320000,33,2,1,"[1, 2]",[1],"[array([  1,  52, 127, 440]), array([  3, 210, 170, 473])]","[array([32, 84, 62, 62])]",2,1
24,0:00:01.360000,34,2,0,"[1, 2]",,"[array([  2,  47, 130, 467]), array([  8, 212, 169, 473])]",,2,1
25,0:00:01.400000,35,2,0,"[1, 2]",,"[array([  1,  45, 133, 475]), array([ 13, 213, 169, 474])]",,2,1
26,0:00:01.440000,36,2,0,"[1, 2]",,"[array([  0,  45, 135, 477]), array([ 23, 213, 170, 476])]",,2,1
27,0:00:01.480000,37,2,0,"[1, 2]",,"[array([  0,  44, 137, 478]), array([ 32, 212, 176, 476])]",,2,1
28,0:00:01.520000,38,2,0,"[1, 2]",,"[array([  0,  45, 142, 478]), array([ 37, 211, 181, 476])]",,2,1
29,0:00:01.560000,39,2,0,"[1, 2]",,"[array([  0,  45, 144, 477]), array([ 40, 210, 187, 476])]",,2,1
30,0:00:01.600000,40,2,1,"[1, 2]",[1],"[array([  0,  45, 146, 477]), array([ 48, 208, 191, 476])]","[array([46, 75, 75, 75])]",2,1
31,0:00:01.640000,41,2,0,"[1, 2]",,"[array([  0,  45, 146, 478]), array([ 56, 208, 195, 477])]",,2,1
32,0:00:01.680000,42,2,0,"[1, 2]",,"[array([  0,  45, 149, 477]), array([ 59, 207, 199, 477])]",,2,1
33,0:00:01.720000,43,2,0,"[1, 2]",,"[array([  0,  47, 152, 476]), array([ 65, 207, 203, 476])]",,2,1
34,0:00:01.760000,44,2,0,"[1, 2]",,"[array([  0,  48, 162, 475]), array([ 71, 205, 208, 475])]",,2,1
35,0:00:01.800000,45,2,0,"[1, 2]",,"[array([  0,  48, 164, 476]), array([ 69, 205, 213, 475])]",,2,1
36,0:00:01.840000,46,2,0,"[1, 2]",,"[array([  0,  49, 172, 476]), array([ 67, 205, 217, 475])]",,2,1
37,0:00:01.880000,47,2,0,"[1, 2]",,"[array([  0,  47, 183, 476]), array([ 66, 207, 224, 475])]",,2,1
38,0:00:01.920000,48,2,0,"[1, 2]",,"[array([  2,  46, 192, 477]), array([ 72, 208, 228, 475])]",,2,1
39,0:00:01.960000,49,2,0,"[1, 2]",,"[array([  8,  47, 202, 477]), array([ 77, 208, 233, 475])]",,2,1
40,0:00:02,50,2,0,"[1, 2]",,"[array([ 17,  46, 208, 476]), array([ 81, 210, 237, 468])]",,2,1
41,0:00:02.040000,51,2,0,"[1, 2]",,"[array([ 24,  43, 214, 477]), array([ 77, 210, 242, 467])]",,2,1
42,0:00:02.080000,52,2,1,"[1, 2]",[2],"[array([ 27,  43, 222, 479]), array([ 79, 206, 252, 473])]","[array([159, 245,  62,  62])]",2,2
43,0:00:02.120000,53,2,0,"[1, 2]",,"[array([ 31,  44, 229, 479]), array([ 80, 204, 258, 476])]",,2,2
44,0:00:02.160000,54,2,1,"[1, 2]",[2],"[array([ 36,  47, 236, 478]), array([ 85, 205, 281, 476])]","[array([165, 244,  62,  62])]",2,2
45,0:00:02.200000,55,2,1,"[1, 2]",[2],"[array([ 39,  49, 245, 470]), array([ 91, 207, 292, 476])]","[array([171, 246,  62,  62])]",2,2
46,0:00:02.240000,56,2,1,"[1, 2]",[2],"[array([ 39,  52, 254, 466]), array([ 91, 209, 303, 471])]","[array([171, 248,  62,  62])]",2,2
47,0:00:02.280000,57,2,2,"[1, 2]","[1, 2]","[array([ 44,  53, 260, 462]), array([ 93, 213, 309, 469])]","[array([137,  85,  63,  62]), array([173, 245,  62,  62])]",2,2
48,0:00:02.320000,58,2,2,"[1, 2]","[1, 2]","[array([ 51,  55, 268, 465]), array([108, 211, 314, 474])]","[array([138,  87,  62,  62]), array([174, 250,  62,  62])]",2,2
49,0:00:02.360000,59,2,2,"[1, 2]","[1, 2]","[array([ 54,  52, 269, 464]), array([108, 210, 324, 476])]","[array([141,  84,  62,  62]), array([171, 248,  74,  75])]",2,2
50,0:00:02.400000,60,2,2,"[1, 2]","[1, 2]","[array([ 66,  49, 264, 465]), array([116, 214, 326, 472])]","[array([146,  88,  62,  62]), array([175, 253,  62,  62])]",2,2
51,0:00:02.440000,61,2,2,"[1, 2]","[1, 2]","[array([ 66,  49, 268, 468]), array([120, 214, 328, 472])]","[array([146,  88,  62,  62]), array([179, 253,  62,  62])]",2,2
52,0:00:02.480000,62,2,2,"[1, 2]","[1, 2]","[array([ 71,  48, 268, 465]), array([126, 212, 327, 473])]","[array([144,  87,  62,  62]), array([172, 250,  75,  75])]",2,2
53,0:00:02.520000,63,2,2,"[1, 2]","[1, 2]","[array([ 74,  50, 268, 467]), array([127, 212, 329, 472])]","[array([147,  82,  62,  62]), array([179, 251,  62,  62])]",2,2
54,0:00:02.560000,64,2,2,"[1, 2]","[1, 2]","[array([ 75,  51, 268, 468]), array([130, 212, 329, 472])]","[array([148,  83,  62,  62]), array([182, 251,  62,  62])]",2,2
55,0:00:02.600000,65,2,2,"[1, 2]","[1, 2]","[array([ 75,  52, 268, 468]), array([132, 212, 328, 472])]","[array([148,  84,  62,  62]), array([184, 251,  62,  62])]",2,2
56,0:00:02.640000,66,2,2,"[1, 2]","[1, 2]","[array([ 77,  53, 268, 471]), array([134, 212, 326, 473])]","[array([150,  85,  62,  62]), array([179, 244,  62,  62])]",2,2
57,0:00:02.680000,67,2,2,"[1, 2]","[1, 2]","[array([ 76,  55, 268, 472]), array([135, 212, 323, 472])]","[array([149,  87,  62,  62]), array([180, 244,  62,  62])]",2,2
58,0:00:02.720000,68,2,2,"[1, 2]","[1, 2]","[array([ 76,  53, 266, 470]), array([135, 212, 317, 471])]","[array([149,  85,  62,  62]), array([180, 244,  62,  62])]",2,2
59,0:00:02.760000,69,2,2,"[1, 2]","[1, 2]","[array([ 77,  50, 265, 469]), array([127, 206, 317, 474])]","[array([150,  82,  62,  62]), array([179, 245,  62,  62])]",2,2
60,0:00:02.800000,70,2,2,"[1, 2]","[1, 2]","[array([ 74,  48, 267, 471]), array([126, 205, 312, 475])]","[array([147,  87,  62,  62]), array([178, 251,  62,  62])]",2,2
61,0:00:02.840000,71,2,2,"[1, 2]","[1, 2]","[array([ 74,  47, 265, 471]), array([123, 204, 305, 476])]","[array([147,  86,  62,  62]), array([175, 250,  62,  62])]",2,2
62,0:00:02.880000,72,2,2,"[1, 2]","[1, 2]","[array([ 73,  47, 264, 473]), array([119, 205, 301, 476])]","[array([153,  86,  62,  62]), array([171, 244,  62,  62])]",2,2
63,0:00:02.920000,73,2,2,"[1, 2]","[1, 2]","[array([ 72,  46, 264, 471]), array([113, 205, 299, 477])]","[array([152,  85,  62,  62]), array([165, 244,  62,  62])]",2,2
64,0:00:02.960000,74,2,2,"[1, 2]","[1, 2]","[array([ 72,  48, 261, 468]), array([110, 206, 296, 477])]","[array([152,  87,  62,  62]), array([162, 245,  62,  62])]",2,2
65,0:00:03,75,2,2,"[1, 2]","[1, 2]","[array([ 68,  51, 263, 434]), array([105, 208, 294, 476])]","[array([157,  89,  52,  52]), array([164, 247,  62,  62])]",2,2
66,0:00:03.040000,76,2,2,"[1, 2]","[1, 2]","[array([ 66,  53, 262, 409]), array([101, 207, 291, 476])]","[array([153,  85,  62,  62]), array([160, 246,  62,  62])]",2,2
67,0:00:03.080000,77,2,2,"[1, 2]","[1, 2]","[array([ 66,  54, 260, 407]), array([ 98, 207, 290, 475])]","[array([153,  86,  62,  62]), array([157, 246,  62,  62])]",2,2
68,0:00:03.120000,78,2,2,"[1, 2]","[1, 2]","[array([ 63,  54, 258, 411]), array([102, 210, 290, 471])]","[array([156,  86,  63,  62]), array([161, 249,  62,  62])]",2,2
69,0:00:03.160000,79,2,2,"[1, 2]","[1, 2]","[array([ 58,  55, 257, 417]), array([104, 210, 289, 468])]","[array([158,  87,  63,  62]), array([156, 242,  62,  62])]",2,2
70,0:00:03.200000,80,2,2,"[1, 2]","[1, 2]","[array([ 47,  55, 262, 392]), array([108, 211, 287, 468])]","[array([154,  87,  63,  62]), array([153, 243,  62,  62])]",2,2
71,0:00:03.240000,81,2,2,"[1, 2]","[1, 2]","[array([ 47,  55, 257, 397]), array([104, 210, 293, 469])]","[array([154,  80,  63,  62]), array([156, 242,  62,  62])]",2,2
72,0:00:03.280000,82,2,2,"[1, 2]","[1, 2]","[array([ 41,  55, 255, 443]), array([102, 210, 296, 470])]","[array([155,  80,  62,  62]), array([154, 242,  62,  62])]",2,2
73,0:00:03.320000,83,2,2,"[1, 2]","[1, 2]","[array([ 27,  54, 260, 464]), array([101, 211, 298, 472])]","[array([155,  86,  62,  62]), array([153, 243,  62,  62])]",2,2
74,0:00:03.360000,84,2,2,"[1, 2]","[1, 2]","[array([ 19,  54, 260, 467]), array([ 99, 209, 297, 472])]","[array([148,  76,  75,  74]), array([151, 241,  62,  62])]",2,2
75,0:00:03.400000,85,2,2,"[1, 2]","[1, 2]","[array([ 17,  54, 258, 471]), array([ 92, 209, 294, 475])]","[array([159,  86,  62,  62]), array([151, 241,  62,  62])]",2,2
76,0:00:03.440000,86,2,2,"[1, 2]","[1, 2]","[array([ 14,  54, 260, 470]), array([ 86, 209, 291, 474])]","[array([156,  79,  62,  62]), array([145, 241,  62,  62])]",2,2
77,0:00:03.480000,87,2,2,"[1, 2]","[1, 2]","[array([ 14,  53, 260, 466]), array([ 85, 209, 286, 472])]","[array([156,  85,  62,  62]), array([144, 241,  62,  62])]",2,2
78,0:00:03.520000,88,2,2,"[1, 2]","[1, 2]","[array([ 20,  53, 260, 466]), array([ 87, 208, 286, 472])]","[array([155,  85,  62,  62]), array([146, 240,  62,  62])]",2,2
79,0:00:03.560000,89,2,2,"[1, 2]","[1, 2]","[array([ 29,  52, 259, 465]), array([ 89, 208, 284, 472])]","[array([157,  84,  62,  62]), array([148, 240,  62,  62])]",2,2
80,0:00:03.600000,90,2,2,"[1, 2]","[1, 2]","[array([ 35,  52, 262, 468]), array([ 94, 208, 283, 475])]","[array([156,  84,  62,  62]), array([146, 240,  62,  62])]",2,2
81,0:00:03.640000,91,2,2,"[1, 2]","[1, 2]","[array([ 37,  52, 263, 472]), array([102, 209, 284, 473])]","[array([151,  84,  62,  62]), array([147, 241,  62,  62])]",2,2
82,0:00:03.680000,92,2,2,"[1, 2]","[1, 2]","[array([ 36,  51, 264, 473]), array([103, 208, 281, 475])]","[array([150,  83,  62,  62]), array([141, 240,  62,  62])]",2,2
83,0:00:03.720000,93,2,2,"[1, 2]","[1, 2]","[array([ 34,  51, 266, 475]), array([105, 207, 282, 476])]","[array([148,  83,  62,  62]), array([143, 239,  62,  62])]",2,2
84,0:00:03.760000,94,2,2,"[1, 2]","[1, 2]","[array([ 31,  51, 267, 474]), array([ 98, 207, 285, 475])]","[array([152,  83,  62,  62]), array([143, 239,  62,  62])]",2,2
85,0:00:03.800000,95,2,2,"[1, 2]","[1, 2]","[array([ 25,  50, 270, 421]), array([ 89, 209, 283, 471])]","[array([146,  82,  62,  62]), array([141, 241,  62,  62])]",2,2
86,0:00:03.840000,96,2,2,"[1, 2]","[1, 2]","[array([ 29,  49, 265, 390]), array([ 92, 210, 278, 469])]","[array([150,  81,  62,  62]), array([144, 242,  62,  62])]",2,2
87,0:00:03.880000,97,2,2,"[1, 2]","[1, 2]","[array([ 34,  49, 260, 391]), array([ 88, 210, 280, 469])]","[array([148,  81,  62,  62]), array([147, 242,  62,  62])]",2,2
88,0:00:03.920000,98,2,2,"[1, 2]","[1, 2]","[array([ 34,  49, 263, 382]), array([ 87, 210, 280, 469])]","[array([148,  81,  62,  62]), array([146, 242,  62,  62])]",2,2
89,0:00:03.960000,99,2,2,"[1, 2]","[1, 2]","[array([ 36,  49, 262, 379]), array([ 88, 210, 280, 469])]","[array([150,  81,  62,  62]), array([147, 242,  62,  62])]",2,2
90,0:00:04,100,2,2,"[1, 2]","[1, 2]","[array([ 36,  50, 260, 372]), array([ 87, 210, 281, 468])]","[array([150,  82,  62,  62]), array([146, 242,  62,  62])]",2,2
91,0:00:04.040000,101,2,2,"[1, 2]","[1, 2]","[array([ 38,  50, 255, 370]), array([ 89, 210, 282, 468])]","[array([152,  82,  62,  62]), array([148, 242,  62,  62])]",2,2
92,0:00:04.080000,102,2,2,"[1, 2]","[1, 2]","[array([ 39,  50, 254, 376]), array([ 93, 208, 280, 467])]","[array([153,  82,  62,  62]), array([145, 240,  62,  62])]",2,2
93,0:00:04.120000,103,2,2,"[1, 2]","[1, 2]","[array([ 40,  51, 253, 384]), array([ 93, 207, 282, 467])]","[array([154,  83,  62,  62]), array([145, 239,  62,  62])]",2,2
94,0:00:04.160000,104,2,2,"[1, 2]","[1, 2]","[array([ 39,  51, 252, 389]), array([ 92, 207, 283, 469])]","[array([153,  83,  62,  62]), array([144, 239,  62,  62])]",2,2
95,0:00:04.200000,105,2,2,"[1, 2]","[1, 2]","[array([ 40,  52, 250, 399]), array([ 92, 207, 283, 471])]","[array([154,  84,  62,  62]), array([144, 239,  62,  62])]",2,2
96,0:00:04.240000,106,2,2,"[1, 2]","[1, 2]","[array([ 38,  52, 251, 399]), array([ 92, 207, 283, 471])]","[array([152,  84,  62,  62]), array([144, 239,  62,  62])]",2,2
97,0:00:04.280000,107,2,2,"[1, 2]","[1, 2]","[array([ 38,  53, 250, 398]), array([ 93, 207, 282, 471])]","[array([152,  85,  62,  62]), array([145, 239,  62,  62])]",2,2
98,0:00:04.320000,108,2,2,"[1, 2]","[1, 2]","[array([ 39,  53, 249, 401]), array([ 93, 207, 283, 470])]","[array([153,  85,  62,  62]), array([145, 239,  62,  62])]",2,2
99,0:00:04.360000,109,2,2,"[1, 2]","[1, 2]","[array([ 39,  53, 248, 401]), array([ 95, 207, 282, 471])]","[array([153,  85,  62,  62]), array([147, 239,  62,  62])]",2,2
100,0:00:04.400000,110,2,2,"[1, 2]","[1, 2]","[array([ 39,  53, 248, 404]), array([ 96, 207, 282, 472])]","[array([153,  85,  62,  62]), array([148, 239,  62,  62])]",2,2
101,0:00:04.440000,111,2,2,"[1, 2]","[1, 2]","[array([ 40,  53, 248, 410]), array([ 96, 207, 283, 472])]","[array([154,  85,  62,  62]), array([148, 239,  62,  62])]",2,2
102,0:00:04.480000,112,2,2,"[1, 2]","[1, 2]","[array([ 40,  53, 250, 408]), array([ 95, 208, 283, 472])]","[array([154,  85,  62,  62]), array([147, 240,  62,  62])]",2,2
103,0:00:04.520000,113,2,2,"[1, 2]","[1, 2]","[array([ 39,  53, 251, 409]), array([ 96, 208, 282, 472])]","[array([153,  85,  62,  62]), array([148, 240,  62,  62])]",2,2
104,0:00:04.560000,114,2,2,"[1, 2]","[1, 2]","[array([ 41,  53, 251, 413]), array([ 95, 209, 284, 472])]","[array([155,  85,  62,  62]), array([147, 241,  62,  62])]",2,2
105,0:00:04.600000,115,2,2,"[1, 2]","[1, 2]","[array([ 39,  54, 254, 409]), array([ 95, 209, 284, 472])]","[array([153,  79,  62,  62]), array([147, 241,  62,  62])]",2,2
106,0:00:04.640000,116,2,2,"[1, 2]","[1, 2]","[array([ 40,  54, 255, 408]), array([ 95, 209, 283, 472])]","[array([154,  79,  62,  62]), array([147, 241,  62,  62])]",2,2
107,0:00:04.680000,117,2,2,"[1, 2]","[1, 2]","[array([ 39,  54, 259, 403]), array([ 93, 209, 283, 470])]","[array([153,  79,  62,  62]), array([152, 241,  62,  62])]",2,2
108,0:00:04.720000,118,2,2,"[1, 2]","[1, 2]","[array([ 39,  53, 261, 397]), array([ 94, 209, 283, 471])]","[array([153,  85,  62,  62]), array([153, 241,  62,  62])]",2,2
109,0:00:04.760000,119,2,2,"[1, 2]","[1, 2]","[array([ 40,  52, 262, 390]), array([103, 209, 283, 469])]","[array([154,  84,  62,  62]), array([148, 241,  62,  62])]",2,2
110,0:00:04.800000,120,2,2,"[1, 2]","[1, 2]","[array([ 41,  52, 262, 388]), array([ 94, 210, 286, 469])]","[array([155,  84,  62,  62]), array([153, 242,  62,  62])]",2,2
111,0:00:04.840000,121,2,2,"[1, 2]","[1, 2]","[array([ 43,  52, 262, 383]), array([ 93, 210, 283, 468])]","[array([150,  84,  63,  62]), array([152, 242,  62,  62])]",2,2
112,0:00:04.880000,122,2,2,"[1, 2]","[1, 2]","[array([ 45,  52, 262, 382]), array([ 92, 210, 282, 468])]","[array([152,  84,  63,  62]), array([151, 242,  62,  62])]",2,2
113,0:00:04.920000,123,2,2,"[1, 2]","[1, 2]","[array([ 45,  52, 264, 378]), array([101, 209, 283, 469])]","[array([152,  84,  63,  62]), array([153, 241,  62,  62])]",2,2
114,0:00:04.960000,124,2,2,"[1, 2]","[1, 2]","[array([ 47,  52, 263, 375]), array([104, 209, 285, 469])]","[array([154,  84,  63,  62]), array([149, 241,  62,  62])]",2,2
115,0:00:05,125,2,2,"[1, 2]","[1, 2]","[array([ 48,  51, 262, 375]), array([105, 208, 286, 469])]","[array([148,  83,  63,  62]), array([157, 240,  62,  62])]",2,2
116,0:00:05.040000,126,2,2,"[1, 2]","[1, 2]","[array([ 49,  51, 262, 383]), array([105, 207, 289, 469])]","[array([149,  83,  63,  62]), array([157, 239,  62,  62])]",2,2
117,0:00:05.080000,127,2,2,"[1, 2]","[1, 2]","[array([ 48,  51, 262, 380]), array([102, 207, 290, 469])]","[array([148,  83,  63,  62]), array([161, 246,  62,  62])]",2,2
118,0:00:05.120000,128,2,2,"[1, 2]","[1, 2]","[array([ 51,  51, 258, 383]), array([ 99, 208, 295, 469])]","[array([151,  83,  63,  62]), array([165, 247,  62,  62])]",2,2
119,0:00:05.160000,129,2,2,"[1, 2]","[1, 2]","[array([ 53,  51, 255, 400]), array([ 99, 209, 295, 469])]","[array([146,  83,  63,  62]), array([182, 247,  52,  52])]",2,2
120,0:00:05.200000,130,2,2,"[1, 2]","[1, 2]","[array([ 54,  51, 254, 411]), array([108, 208, 295, 473])]","[array([147,  83,  63,  62]), array([179, 238,  75,  75])]",2,2
121,0:00:05.240000,131,2,1,"[1, 2]",[1],"[array([ 55,  49, 250, 444]), array([115, 208, 289, 472])]","[array([148,  81,  63,  62])]",2,2
122,0:00:05.280000,132,2,2,"[1, 2]","[1, 2]","[array([ 57,  48, 247, 463]), array([122, 208, 294, 474])]","[array([150,  80,  63,  62]), array([202, 247,  62,  62])]",2,2
123,0:00:05.320000,133,2,1,"[1, 2]",[1],"[array([ 62,  48, 245, 473]), array([126, 208, 301, 476])]","[array([149,  80,  62,  62])]",2,2
124,0:00:05.360000,134,2,1,"[1, 2]",[1],"[array([ 64,  48, 242, 477]), array([142, 207, 304, 476])]","[array([151,  80,  62,  62])]",2,2
125,0:00:05.400000,135,2,1,"[1, 2]",[1],"[array([ 65,  48, 239, 479]), array([154, 207, 313, 476])]","[array([152,  80,  62,  62])]",2,2
126,0:00:05.440000,136,2,1,"[1, 2]",[1],"[array([ 66,  48, 239, 479]), array([153, 207, 321, 476])]","[array([153,  80,  62,  62])]",2,2
127,0:00:05.480000,137,2,1,"[1, 2]",[1],"[array([ 66,  49, 239, 477]), array([160, 207, 316, 476])]","[array([153,  81,  62,  62])]",2,2
128,0:00:05.520000,138,2,2,"[1, 2]","[1, 2]","[array([ 66,  49, 239, 476]), array([159, 208, 329, 477])]","[array([153,  81,  62,  62]), array([248, 263,  52,  52])]",2,2
129,0:00:05.560000,139,2,1,"[1, 2]",[1],"[array([ 70,  50, 238, 475]), array([163, 212, 325, 474])]","[array([157,  82,  62,  62])]",2,2
130,0:00:05.600000,140,2,2,"[1, 2]","[1, 2]","[array([ 74,  50, 239, 475]), array([156, 209, 334, 475])]","[array([154,  82,  62,  62]), array([262, 264,  52,  52])]",2,2
131,0:00:05.640000,141,2,2,"[1, 2]","[1, 2]","[array([ 74,  49, 242, 477]), array([156, 209, 336, 475])]","[array([161,  81,  62,  62]), array([268, 264,  52,  52])]",2,2
132,0:00:05.680000,142,2,2,"[1, 2]","[1, 2]","[array([ 75,  49, 244, 475]), array([157, 209, 336, 475])]","[array([162,  81,  62,  62]), array([271, 262,  62,  62])]",2,2
133,0:00:05.720000,143,2,1,"[1, 2]",[1],"[array([ 76,  48, 246, 476]), array([159, 211, 339, 475])]","[array([165,  86,  52,  52])]",2,2
134,0:00:05.760000,144,2,1,"[1, 2]",[1],"[array([ 77,  48, 248, 478]), array([164, 213, 347, 476])]","[array([166,  86,  52,  52])]",2,2
135,0:00:05.800000,145,2,1,"[1, 2]",[1],"[array([ 79,  48, 248, 479]), array([179, 215, 354, 476])]","[array([168,  86,  52,  52])]",2,2
136,0:00:05.840000,146,2,1,"[1, 2]",[1],"[array([ 80,  50, 249, 478]), array([193, 218, 359, 476])]","[array([160,  82,  62,  62])]",2,2
137,0:00:05.880000,147,2,1,"[1, 2]",[1],"[array([ 76,  51, 251, 475]), array([206, 219, 365, 476])]","[array([163,  83,  62,  62])]",2,2
138,0:00:05.920000,148,2,2,"[1, 2]","[1, 2]","[array([ 74,  51, 250, 477]), array([215, 217, 373, 476])]","[array([167,  83,  63,  62]), array([308, 270,  63,  62])]",2,2
139,0:00:05.960000,149,2,1,"[1, 2]",[1],"[array([ 67,  53, 252, 477]), array([217, 216, 382, 476])]","[array([167,  85,  63,  62])]",2,2
140,0:00:06,150,2,1,"[1, 2]",[1],"[array([ 62,  52, 254, 477]), array([232, 216, 387, 476])]","[array([169,  84,  63,  62])]",2,2
141,0:00:06.040000,151,2,1,"[1, 2]",[1],"[array([ 60,  51, 254, 474]), array([229, 216, 402, 476])]","[array([167,  83,  63,  62])]",2,2
142,0:00:06.080000,152,2,1,"[1, 2]",[1],"[array([ 47,  49, 258, 469]), array([235, 217, 416, 476])]","[array([168,  81,  62,  62])]",2,2
143,0:00:06.120000,153,2,1,"[1, 2]",[1],"[array([ 40,  49, 259, 470]), array([243, 218, 430, 477])]","[array([175,  81,  62,  62])]",2,2
144,0:00:06.160000,154,2,1,"[1, 2]",[1],"[array([ 40,  50, 258, 470]), array([257, 219, 429, 477])]","[array([175,  82,  62,  62])]",2,2
145,0:00:06.200000,155,2,2,"[1, 2]","[1, 2]","[array([ 44,  51, 259, 471]), array([264, 224, 438, 475])]","[array([172,  83,  62,  62]), array([371, 290,  63,  63])]",2,2
146,0:00:06.240000,156,2,1,"[1, 2]",[1],"[array([ 58,  53, 260, 471]), array([270, 227, 459, 477])]","[array([182,  85,  51,  52])]",2,2
147,0:00:06.280000,157,2,1,"[1, 2]",[1],"[array([ 68,  53, 262, 471]), array([285, 228, 462, 479])]","[array([175,  78,  63,  62])]",2,2
148,0:00:06.320000,158,2,1,"[1, 2]",[1],"[array([ 61,  53, 271, 469]), array([308, 232, 479, 477])]","[array([185,  85,  51,  52])]",2,2
149,0:00:06.360000,159,2,1,"[1, 2]",[1],"[array([ 61,  53, 272, 473]), array([323, 234, 500, 475])]","[array([182,  85,  62,  62])]",2,2
150,0:00:06.400000,160,2,1,"[1, 2]",[1],"[array([ 81,  53, 269, 476]), array([349, 232, 528, 475])]","[array([181,  85,  63,  62])]",2,2
151,0:00:06.440000,161,2,1,"[1, 2]",[1],"[array([ 86,  52, 276, 478]), array([360, 233, 539, 474])]","[array([179,  84,  63,  62])]",2,2
152,0:00:06.480000,162,2,1,"[1, 2]",[1],"[array([ 90,  52, 281, 479]), array([372, 234, 567, 474])]","[array([183,  84,  63,  62])]",2,2
153,0:00:06.520000,163,2,1,"[1, 2]",[1],"[array([ 97,  52, 283, 479]), array([380, 233, 593, 475])]","[array([184,  84,  62,  62])]",2,2
154,0:00:06.560000,164,2,1,"[1, 2]",[1],"[array([ 99,  51, 287, 479]), array([399, 230, 616, 475])]","[array([186,  83,  62,  62])]",2,2
155,0:00:06.600000,165,2,1,"[1, 2]",[1],"[array([102,  51, 290, 479]), array([422, 227, 638, 475])]","[array([189,  83,  62,  62])]",2,2
156,0:00:06.640000,166,2,1,"[1, 2]",[1],"[array([104,  50, 293, 479]), array([420, 215, 695, 474])]","[array([191,  82,  62,  62])]",2,2
157,0:00:06.680000,167,2,1,"[1, 2]",[1],"[array([105,  51, 296, 479]), array([432, 206, 705, 474])]","[array([192,  83,  62,  62])]",2,2
158,0:00:06.720000,168,2,1,"[1, 2]",[1],"[array([106,  50, 301, 479]), array([455, 200, 708, 474])]","[array([193,  82,  62,  62])]",2,2
159,0:00:06.760000,169,2,1,"[1, 2]",[1],"[array([107,  49, 303, 478]), array([504, 206, 713, 475])]","[array([194,  81,  62,  62])]",2,2
160,0:00:06.800000,170,2,1,"[1, 2]",[1],"[array([107,  49, 304, 478]), array([506, 242, 746, 475])]","[array([200,  88,  63,  62])]",2,2
161,0:00:06.840000,171,2,1,"[1, 2]",[1],"[array([108,  47, 306, 477]), array([537, 256, 758, 475])]","[array([195,  86,  62,  62])]",2,2
162,0:00:06.880000,172,2,1,"[1, 2]",[1],"[array([110,  47, 307, 475]), array([552, 260, 775, 475])]","[array([197,  79,  62,  62])]",2,2
163,0:00:06.920000,173,1,1,[1],[1],"[array([111,  43, 308, 474])]","[array([198,  82,  62,  62])]",2,2
164,0:00:06.960000,174,1,1,[1],[1],"[array([111,  37, 309, 474])]","[array([198,  76,  62,  62])]",2,2
165,0:00:07,175,2,1,"[1, 2]",[1],"[array([111,  35, 312, 473]), array([639, 266, 844, 474])]","[array([198,  74,  62,  62])]",2,2
166,0:00:07.040000,176,2,0,"[1, 2]",,"[array([109,  34, 315, 472]), array([657, 269, 849, 474])]",,2,2
167,0:00:07.080000,177,1,1,[1],[1],"[array([108,  32, 315, 474])]","[array([201,  71,  63,  62])]",2,2
168,0:00:07.120000,178,1,1,[1],[1],"[array([106,  30, 320, 474])]","[array([194,  60,  74,  75])]",2,2
169,0:00:07.160000,179,1,1,[1],[1],"[array([104,  27, 323, 475])]","[array([204,  66,  63,  62])]",2,2
170,0:00:07.200000,180,1,1,[1],[1],"[array([105,  24, 324, 477])]","[array([205,  63,  63,  62])]",2,2
171,0:00:07.240000,181,1,1,[1],[1],"[array([103,  23, 329, 477])]","[array([199,  61,  75,  75])]",2,2
172,0:00:07.280000,182,1,0,[1],,"[array([102,  22, 333, 477])]",,2,2
173,0:00:07.320000,183,1,0,[1],,"[array([104,  21, 339, 477])]",,2,2
174,0:00:07.360000,184,1,0,[1],,"[array([107,  22, 345, 476])]",,2,2
175,0:00:07.400000,185,1,0,[1],,"[array([111,  21, 346, 476])]",,2,2
176,0:00:07.440000,186,1,0,[1],,"[array([115,  21, 354, 474])]",,2,2
177,0:00:07.480000,187,1,0,[1],,"[array([122,  20, 359, 475])]",,2,2
178,0:00:07.520000,188,1,0,[1],,"[array([131,  20, 366, 476])]",,2,2
179,0:00:07.560000,189,1,0,[1],,"[array([134,  20, 369, 476])]",,2,2
180,0:00:07.600000,190,1,0,[1],,"[array([141,  20, 369, 476])]",,2,2
181,0:00:07.640000,191,1,0,[1],,"[array([144,  20, 377, 478])]",,2,2
182,0:00:07.680000,192,1,0,[1],,"[array([154,  19, 381, 479])]",,2,2
183,0:00:07.720000,193,1,0,[1],,"[array([162,  19, 390, 479])]",,2,2
184,0:00:07.760000,194,1,0,[1],,"[array([174,  19, 396, 479])]",,2,2
185,0:00:07.800000,195,1,0,[1],,"[array([184,  18, 404, 479])]",,2,2
186,0:00:07.840000,196,1,0,[1],,"[array([195,  15, 418, 476])]",,2,2
187,0:00:07.880000,197,1,0,[1],,"[array([205,  15, 426, 476])]",,2,2
188,0:00:07.920000,198,1,0,[1],,"[array([211,  12, 442, 475])]",,2,2
189,0:00:07.960000,199,1,0,[1],,"[array([216,  11, 456, 477])]",,2,2
190,0:00:08,200,1,0,[1],,"[array([224,  10, 472, 477])]",,2,2
191,0:00:08.040000,201,1,0,[1],,"[array([232,   8, 486, 478])]",,2,2
192,0:00:08.080000,202,1,0,[1],,"[array([238,   6, 503, 478])]",,2,2
193,0:00:08.120000,203,1,0,[1],,"[array([238,   6, 547, 478])]",,2,2
194,0:00:08.160000,204,1,0,[1],,"[array([248,   3, 564, 479])]",,2,2
195,0:00:08.200000,205,1,0,[1],,"[array([260,   7, 581, 478])]",,2,2
196,0:00:08.240000,206,1,0,[1],,"[array([268,   7, 593, 479])]",,2,2
197,0:00:08.280000,207,1,0,[1],,"[array([272,   6, 609, 479])]",,2,2
198,0:00:08.320000,208,1,0,[1],,"[array([274,   5, 616, 479])]",,2,2
199,0:00:08.360000,209,1,0,[1],,"[array([286,   2, 598, 479])]",,2,2
200,0:00:08.400000,210,1,0,[1],,"[array([302,   0, 585, 478])]",,2,2
201,0:00:08.440000,211,1,0,[1],,"[array([317,   3, 572, 475])]",,2,2
202,0:00:08.480000,212,1,0,[1],,"[array([320,   2, 587, 473])]",,2,2
203,0:00:08.520000,213,1,0,[1],,"[array([328,   0, 604, 471])]",,2,2
204,0:00:08.560000,214,1,0,[1],,"[array([337,   1, 611, 468])]",,2,2
205,0:00:08.600000,215,1,0,[1],,"[array([346,   4, 617, 468])]",,2,2
206,0:00:08.640000,216,1,0,[1],,"[array([354,  10, 640, 471])]",,2,2
207,0:00:08.680000,217,1,0,[1],,"[array([369,   8, 659, 471])]",,2,2
208,0:00:08.720000,218,1,0,[1],,"[array([381,   6, 673, 473])]",,2,2
209,0:00:08.760000,219,1,0,[1],,"[array([395,   2, 678, 476])]",,2,2
210,0:00:08.800000,220,1,0,[1],,"[array([414,   5, 697, 472])]",,2,2
211,0:00:08.840000,221,1,0,[1],,"[array([432,   4, 714, 477])]",,2,2
212,0:00:08.880000,222,1,0,[1],,"[array([463,  11, 718, 479])]",,2,2
213,0:00:08.920000,223,1,0,[1],,"[array([479,  16, 752, 479])]",,2,2
214,0:00:08.960000,224,1,0,[1],,"[array([499,  11, 792, 479])]",,2,2
215,0:00:09,225,1,0,[1],,"[array([522,   4, 833, 478])]",,2,2
216,0:00:09.040000,226,1,0,[1],,"[array([540,   3, 847, 479])]",,2,2
217,0:00:09.080000,227,1,0,[1],,"[array([549,   4, 849, 477])]",,2,2
218,0:00:09.120000,228,1,0,[1],,"[array([562,   1, 849, 475])]",,2,2
219,0:00:09.160000,229,1,0,[1],,"[array([578,   4, 849, 472])]",,2,2
220,0:00:09.200000,230,1,0,[1],,"[array([610,   2, 847, 474])]",,2,2
221,0:00:09.240000,231,1,0,[1],,"[array([623,   1, 849, 473])]",,2,2
222,0:00:09.280000,232,1,0,[1],,"[array([637,   9, 849, 469])]",,2,2
223,0:00:09.320000,233,1,0,[1],,"[array([654,   8, 849, 470])]",,2,2
224,0:00:09.360000,234,1,0,[1],,"[array([668,   4, 849, 469])]",,2,2
225,0:00:09.400000,235,1,0,[1],,"[array([678,   4, 849, 473])]",,2,2
226,0:00:09.440000,236,1,0,[1],,"[array([694,   8, 849, 471])]",,2,2
227,0:00:09.480000,237,1,0,[1],,"[array([701,  50, 849, 468])]",,2,2
228,0:00:09.520000,238,1,0,[1],,"[array([718,  73, 849, 470])]",,2,2
229,0:00:09.560000,239,1,0,[1],,"[array([736,  88, 849, 471])]",,2,2
230,0:00:09.680000,242,0,,,,,,2,2
231,0:00:12.840000,321,0,,,,,,2,2
232,0:00:12.880000,322,0,,,,,,2,2
233,0:00:13.160000,329,0,,,,,,2,2
234,0:00:13.200000,330,0,,,,,,2,2
235,0:00:13.240000,331,1,0,[5],,"[array([444, 238, 793, 474])]",,3,2
236,0:00:13.280000,332,1,0,[5],,"[array([506, 226, 809, 474])]",,3,2
237,0:00:13.320000,333,1,0,[5],,"[array([505, 226, 762, 471])]",,3,2
238,0:00:13.360000,334,1,0,[5],,"[array([441, 233, 733, 474])]",,3,2
239,0:00:13.400000,335,1,0,[5],,"[array([426, 241, 710, 473])]",,3,2
240,0:00:13.440000,336,1,0,[5],,"[array([424, 245, 689, 473])]",,3,2
241,0:00:13.480000,337,1,0,[5],,"[array([420, 246, 676, 476])]",,3,2
242,0:00:13.520000,338,1,0,[5],,"[array([422, 247, 655, 479])]",,3,2
243,0:00:13.560000,339,1,0,[5],,"[array([421, 253, 642, 479])]",,3,2
244,0:00:13.600000,340,1,0,[5],,"[array([422, 251, 631, 478])]",,3,2
245,0:00:13.640000,341,1,0,[5],,"[array([421, 250, 625, 476])]",,3,2
246,0:00:13.680000,342,1,0,[5],,"[array([422, 247, 593, 471])]",,3,2
247,0:00:13.720000,343,1,0,[5],,"[array([408, 248, 590, 465])]",,3,2
248,0:00:13.760000,344,1,0,[5],,"[array([386, 248, 581, 471])]",,3,2
249,0:00:13.800000,345,1,0,[5],,"[array([380, 245, 566, 471])]",,3,2
250,0:00:13.840000,346,1,0,[5],,"[array([370, 245, 554, 471])]",,3,2
251,0:00:13.920000,348,1,0,[5],,"[array([373, 238, 533, 473])]",,3,2
252,0:00:13.960000,349,1,0,[5],,"[array([364, 236, 524, 474])]",,3,2
253,0:00:14,350,1,0,[5],,"[array([358, 237, 512, 474])]",,3,2
254,0:00:14.040000,351,1,0,[5],,"[array([353, 238, 504, 474])]",,3,2
255,0:00:14.080000,352,2,0,"[5, 6]",,"[array([348, 238, 500, 474]), array([462,   3, 838, 478])]",,4,2
256,0:00:14.120000,353,2,0,"[5, 6]",,"[array([340, 238, 489, 474]), array([473,   0, 849, 477])]",,4,2
257,0:00:14.160000,354,1,0,[6],,"[array([477,   2, 844, 477])]",,4,2
258,0:00:14.200000,355,1,0,[6],,"[array([486,   0, 838, 477])]",,4,2
259,0:00:14.240000,356,2,0,"[5, 6]",,"[array([324, 231, 470, 477]), array([480,   0, 844, 478])]",,4,2
260,0:00:14.280000,357,2,0,"[5, 6]",,"[array([320, 226, 464, 478]), array([426,   1, 848, 479])]",,4,2
261,0:00:14.320000,358,2,0,"[5, 6]",,"[array([312, 223, 458, 478]), array([467,   0, 837, 477])]",,4,2
262,0:00:14.360000,359,2,0,"[5, 6]",,"[array([308, 219, 458, 479]), array([409,   0, 849, 479])]",,4,2
263,0:00:14.400000,360,2,0,"[5, 6]",,"[array([308, 218, 448, 479]), array([376,   0, 849, 479])]",,4,2
264,0:00:14.440000,361,2,0,"[5, 6]",,"[array([307, 218, 439, 479]), array([354,   0, 834, 479])]",,4,2
265,0:00:14.480000,362,2,0,"[5, 6]",,"[array([304, 216, 436, 478]), array([335,   0, 837, 479])]",,4,2
266,0:00:14.520000,363,2,0,"[5, 6]",,"[array([296, 215, 431, 478]), array([355,   0, 795, 479])]",,4,2
267,0:00:14.560000,364,2,0,"[5, 6]",,"[array([290, 214, 430, 477]), array([346,   2, 780, 479])]",,4,2
268,0:00:14.600000,365,2,0,"[5, 6]",,"[array([282, 216, 428, 476]), array([320,   7, 756, 473])]",,4,2
269,0:00:14.640000,366,2,0,"[5, 6]",,"[array([280, 218, 422, 476]), array([314,   5, 736, 474])]",,4,2
270,0:00:14.680000,367,2,0,"[5, 6]",,"[array([276, 217, 415, 476]), array([313,  10, 723, 475])]",,4,2
271,0:00:14.720000,368,2,0,"[5, 6]",,"[array([271, 217, 414, 475]), array([295,  15, 717, 470])]",,4,2
272,0:00:14.760000,369,2,0,"[5, 6]",,"[array([266, 219, 416, 475]), array([290,  13, 703, 470])]",,4,2
273,0:00:14.800000,370,2,0,"[5, 6]",,"[array([265, 221, 410, 474]), array([293,   6, 695, 473])]",,4,2
274,0:00:14.840000,371,2,0,"[5, 6]",,"[array([261, 219, 406, 475]), array([287,   4, 687, 473])]",,4,2
275,0:00:14.880000,372,2,0,"[5, 6]",,"[array([257, 220, 404, 476]), array([282,   4, 680, 472])]",,4,2
276,0:00:14.920000,373,2,0,"[5, 6]",,"[array([251, 221, 402, 476]), array([277,   6, 672, 467])]",,4,2
277,0:00:14.960000,374,2,0,"[5, 6]",,"[array([247, 221, 401, 477]), array([271,   4, 663, 466])]",,4,2
278,0:00:15,375,2,0,"[5, 6]",,"[array([242, 221, 391, 477]), array([276,   2, 653, 467])]",,4,2
279,0:00:15.040000,376,2,0,"[5, 6]",,"[array([236, 221, 386, 477]), array([271,   2, 654, 468])]",,4,2
280,0:00:15.080000,377,2,0,"[5, 6]",,"[array([231, 221, 376, 477]), array([276,   5, 643, 471])]",,4,2
281,0:00:15.120000,378,2,0,"[5, 6]",,"[array([224, 220, 372, 477]), array([278,   7, 636, 473])]",,4,2
282,0:00:15.160000,379,2,0,"[5, 6]",,"[array([220, 220, 368, 477]), array([283,   6, 634, 473])]",,4,2
283,0:00:15.200000,380,2,1,"[5, 6]",[6],"[array([218, 219, 360, 475]), array([275,   7, 634, 471])]","[array([402,  -9, 108, 120])]",4,3
284,0:00:15.240000,381,2,0,"[5, 6]",,"[array([210, 218, 359, 477]), array([269,   7, 632, 472])]",,4,3
285,0:00:15.280000,382,2,1,"[5, 6]",[6],"[array([212, 218, 344, 476]), array([275,   6, 621, 474])]","[array([402, -10, 108, 120])]",4,3
286,0:00:15.320000,383,2,1,"[5, 6]",[6],"[array([211, 217, 335, 477]), array([276,   3, 612, 475])]","[array([403,  11, 108, 108])]",4,3
287,0:00:15.360000,384,2,1,"[5, 6]",[6],"[array([208, 217, 332, 477]), array([273,   1, 605, 477])]","[array([400,   9, 108, 108])]",4,3
288,0:00:15.400000,385,2,1,"[5, 6]",[6],"[array([206, 216, 328, 477]), array([271,   0, 601, 479])]","[array([398,   8, 108, 108])]",4,3
289,0:00:15.440000,386,2,1,"[5, 6]",[6],"[array([204, 214, 326, 478]), array([272,   0, 596, 479])]","[array([399,   8, 108, 108])]",4,3
290,0:00:15.480000,387,2,1,"[5, 6]",[6],"[array([203, 214, 325, 479]), array([266,   0, 594, 479])]","[array([393,   8, 108, 108])]",4,3
291,0:00:15.520000,388,2,1,"[5, 6]",[6],"[array([199, 211, 327, 477]), array([251,   0, 591, 479])]","[array([406,  17,  90,  89])]",4,3
292,0:00:15.560000,389,2,1,"[5, 6]",[6],"[array([200, 210, 323, 477]), array([250,   3, 584, 476])]","[array([405,  20,  90,  89])]",4,3
293,0:00:15.600000,390,2,1,"[5, 6]",[6],"[array([197, 209, 322, 478]), array([252,   3, 581, 474])]","[array([407,  20,  90,  89])]",4,3
294,0:00:15.640000,391,2,1,"[5, 6]",[6],"[array([199, 208, 322, 478]), array([255,   3, 578, 474])]","[array([394,  11, 108, 108])]",4,3
295,0:00:15.680000,392,2,1,"[5, 6]",[6],"[array([194, 207, 321, 476]), array([250,   7, 583, 474])]","[array([405,  24,  90,  89])]",4,3
296,0:00:15.720000,393,2,1,"[5, 6]",[6],"[array([190, 206, 332, 474]), array([278,  11, 579, 474])]","[array([404,  28,  89,  89])]",4,3
297,0:00:15.760000,394,2,1,"[5, 6]",[6],"[array([186, 205, 362, 476]), array([287,   6, 580, 478])]","[array([403,  23,  89,  89])]",4,3
298,0:00:15.800000,395,2,1,"[5, 6]",[6],"[array([190, 206, 368, 476]), array([287,   3, 585, 479])]","[array([403,  20,  89,  89])]",4,3
299,0:00:15.840000,396,2,1,"[5, 6]",[6],"[array([196, 207, 343, 475]), array([287,   3, 589, 479])]","[array([403,  20,  89,  89])]",4,3
300,0:00:15.880000,397,2,1,"[5, 6]",[6],"[array([195, 206, 326, 475]), array([286,   7, 592, 479])]","[array([402,  24,  89,  89])]",4,3
301,0:00:15.920000,398,2,1,"[5, 6]",[6],"[array([188, 206, 321, 476]), array([282,   9, 597, 479])]","[array([408,  26,  89,  89])]",4,3
302,0:00:15.960000,399,2,1,"[5, 6]",[6],"[array([186, 208, 317, 472]), array([280,   4, 597, 479])]","[array([406,  21,  89,  89])]",4,3
303,0:00:16,400,2,1,"[5, 6]",[6],"[array([185, 208, 318, 472]), array([278,   2, 599, 479])]","[array([415,  32,  75,  75])]",4,3
304,0:00:16.040000,401,2,1,"[5, 6]",[6],"[array([184, 205, 317, 475]), array([273,   1, 604, 479])]","[array([408,  27,  90,  90])]",4,3
305,0:00:16.080000,402,2,1,"[5, 6]",[6],"[array([181, 206, 318, 472]), array([275,   0, 603, 479])]","[array([410,  26,  90,  90])]",4,3
306,0:00:16.120000,403,2,2,"[5, 6]","[5, 6]","[array([181, 207, 317, 471]), array([271,   0, 608, 479])]","[array([186, 245,  74,  75]), array([406,  26,  90,  90])]",4,4
307,0:00:16.160000,404,2,1,"[5, 6]",[6],"[array([182, 210, 317, 470]), array([269,   0, 610, 479])]","[array([414,  26,  90,  90])]",4,4
308,0:00:16.200000,405,2,1,"[5, 6]",[6],"[array([182, 210, 318, 472]), array([269,   0, 611, 479])]","[array([414,  26,  90,  90])]",4,4
309,0:00:16.240000,406,2,1,"[5, 6]",[6],"[array([182, 211, 321, 472]), array([272,   0, 610, 477])]","[array([417,  26,  90,  90])]",4,4
310,0:00:16.280000,407,2,1,"[5, 6]",[6],"[array([182, 208, 327, 475]), array([272,   0, 608, 477])]","[array([417,  26,  90,  90])]",4,4
311,0:00:16.320000,408,2,2,"[5, 6]","[5, 6]","[array([178, 207, 331, 476]), array([274,   0, 605, 477])]","[array([199, 237,  75,  75]), array([409,  26,  90,  90])]",4,4
312,0:00:16.360000,409,2,2,"[5, 6]","[5, 6]","[array([171, 207, 335, 476]), array([273,   0, 602, 475])]","[array([201, 237,  74,  75]), array([408,  26,  90,  90])]",4,4
313,0:00:16.400000,410,2,2,"[5, 6]","[5, 6]","[array([174, 206, 337, 477]), array([275,   0, 599, 476])]","[array([205, 252,  62,  62]), array([410,  26,  90,  90])]",4,4
314,0:00:16.440000,411,2,2,"[5, 6]","[5, 6]","[array([157, 206, 341, 477]), array([279,   1, 599, 477])]","[array([203, 244,  75,  75]), array([405,  27,  89,  90])]",4,4
315,0:00:16.480000,412,2,2,"[5, 6]","[5, 6]","[array([146, 206, 348, 477]), array([279,   1, 600, 477])]","[array([201, 236,  74,  75]), array([405,  27,  89,  90])]",4,4
316,0:00:16.520000,413,2,2,"[5, 6]","[5, 6]","[array([148, 206, 345, 477]), array([281,   1, 603, 476])]","[array([203, 244,  74,  75]), array([397,  27,  89,  90])]",4,4
317,0:00:16.560000,414,2,1,"[5, 6]",[5],"[array([147, 207, 347, 477]), array([275,   1, 607, 476])]","[array([202, 245,  74,  75])]",4,4
318,0:00:16.600000,415,2,1,"[5, 6]",[5],"[array([147, 207, 348, 477]), array([272,   1, 611, 476])]","[array([213, 253,  62,  62])]",4,4
319,0:00:16.640000,416,2,1,"[5, 6]",[5],"[array([149, 207, 348, 477]), array([271,   0, 614, 477])]","[array([204, 245,  74,  75])]",4,4
320,0:00:16.680000,417,2,1,"[5, 6]",[5],"[array([152, 207, 348, 477]), array([273,   1, 616, 478])]","[array([207, 254,  74,  74])]",4,4
321,0:00:16.720000,418,2,1,"[5, 6]",[5],"[array([160, 208, 345, 477]), array([273,   1, 616, 477])]","[array([206, 246,  75,  75])]",4,4
322,0:00:16.760000,419,2,1,"[5, 6]",[5],"[array([169, 208, 342, 477]), array([278,   1, 612, 477])]","[array([207, 255,  75,  74])]",4,4
323,0:00:16.800000,420,2,1,"[5, 6]",[5],"[array([168, 208, 340, 477]), array([281,   2, 610, 477])]","[array([206, 255,  75,  74])]",4,4
324,0:00:16.840000,421,2,1,"[5, 6]",[5],"[array([164, 208, 341, 477]), array([287,   6, 603, 477])]","[array([202, 255,  75,  74])]",4,4
325,0:00:16.880000,422,2,1,"[5, 6]",[5],"[array([161, 208, 339, 477]), array([288,   7, 603, 476])]","[array([199, 255,  75,  74])]",4,4
326,0:00:16.920000,423,2,1,"[5, 6]",[5],"[array([158, 209, 341, 478]), array([292,   8, 600, 475])]","[array([203, 255,  62,  62])]",4,4
327,0:00:16.960000,424,2,1,"[5, 6]",[5],"[array([152, 208, 339, 478]), array([299,   6, 600, 475])]","[array([198, 255,  75,  74])]",4,4
328,0:00:17,425,2,0,"[5, 6]",,"[array([143, 208, 339, 478]), array([305,   5, 601, 475])]",,4,4
329,0:00:17.040000,426,2,1,"[5, 6]",[6],"[array([144, 208, 336, 478]), array([330,   1, 596, 474])]","[array([406,  27,  89,  90])]",4,4
330,0:00:17.080000,427,2,2,"[5, 6]","[5, 6]","[array([141, 207, 335, 477]), array([313,   1, 604, 477])]","[array([196, 254,  74,  74]), array([409,  27,  89,  90])]",4,4
331,0:00:17.120000,428,2,2,"[5, 6]","[5, 6]","[array([140, 207, 332, 476]), array([341,   0, 598, 479])]","[array([199, 253,  62,  62]), array([407,  26,  89,  90])]",4,4
332,0:00:17.160000,429,2,2,"[5, 6]","[5, 6]","[array([137, 207, 333, 475]), array([354,   2, 599, 479])]","[array([192, 245,  74,  75]), array([410,  28,  89,  90])]",4,4
333,0:00:17.200000,430,2,2,"[5, 6]","[5, 6]","[array([134, 208, 332, 475]), array([367,   1, 600, 479])]","[array([189, 246,  74,  75]), array([413,  27,  89,  90])]",4,4
334,0:00:17.240000,431,2,1,"[5, 6]",[6],"[array([130, 209, 331, 474]), array([385,   0, 600, 479])]","[array([411,  26,  90,  90])]",4,4
335,0:00:17.280000,432,2,2,"[5, 6]","[5, 6]","[array([131, 209, 330, 474]), array([394,   0, 601, 479])]","[array([197, 255,  62,  62]), array([410,  26,  90,  90])]",4,4
336,0:00:17.320000,433,2,2,"[5, 6]","[5, 6]","[array([126, 207, 335, 471]), array([396,   0, 604, 479])]","[array([189, 245,  74,  75]), array([412,  26,  90,  90])]",4,4
337,0:00:17.360000,434,2,2,"[5, 6]","[5, 6]","[array([124, 207, 334, 471]), array([388,   0, 606, 478])]","[array([187, 245,  74,  75]), array([414,  26,  90,  90])]",4,4
338,0:00:17.400000,435,2,2,"[5, 6]","[5, 6]","[array([128, 206, 332, 470]), array([375,   0, 607, 476])]","[array([194, 252,  62,  62]), array([411,  26,  90,  90])]",4,4
339,0:00:17.440000,436,2,2,"[5, 6]","[5, 6]","[array([132, 208, 328, 472]), array([363,   1, 605, 475])]","[array([187, 246,  74,  75]), array([409,  27,  89,  90])]",4,4
340,0:00:17.480000,437,2,2,"[5, 6]","[5, 6]","[array([137, 208, 326, 474]), array([363,   1, 601, 471])]","[array([183, 246,  75,  75]), array([409,  27,  89,  90])]",4,4
341,0:00:17.520000,438,2,2,"[5, 6]","[5, 6]","[array([139, 208, 326, 475]), array([342,   3, 605, 470])]","[array([185, 246,  75,  75]), array([408,  20,  89,  89])]",4,4
342,0:00:17.560000,439,2,2,"[5, 6]","[5, 6]","[array([140, 208, 325, 475]), array([345,   3, 598, 469])]","[array([186, 246,  75,  75]), array([411,  20,  89,  89])]",4,4
343,0:00:17.600000,440,2,2,"[5, 6]","[5, 6]","[array([140, 208, 325, 475]), array([319,   3, 602, 473])]","[array([186, 246,  75,  75]), array([415,  20,  89,  89])]",4,4
344,0:00:17.640000,441,2,2,"[5, 6]","[5, 6]","[array([142, 209, 325, 473]), array([305,   4, 597, 474])]","[array([188, 247,  75,  75]), array([411,  21,  89,  89])]",4,4
345,0:00:17.680000,442,2,1,"[5, 6]",[6],"[array([144, 209, 326, 472]), array([294,   4, 595, 474])]","[array([410,  21,  89,  89])]",4,4
346,0:00:17.720000,443,2,2,"[5, 6]","[5, 6]","[array([144, 209, 326, 473]), array([289,   5, 592, 476])]","[array([189, 248,  62,  62]), array([405,  22,  89,  89])]",4,4
347,0:00:17.760000,444,2,2,"[5, 6]","[5, 6]","[array([141, 209, 327, 473]), array([286,   5, 588, 477])]","[array([187, 247,  75,  75]), array([412,  22,  89,  89])]",4,4
348,0:00:17.800000,445,2,1,"[5, 6]",[6],"[array([142, 209, 326, 472]), array([286,   4, 586, 477])]","[array([412,  21,  89,  89])]",4,4
349,0:00:17.840000,446,2,2,"[5, 6]","[5, 6]","[array([145, 209, 325, 472]), array([284,   6, 584, 478])]","[array([190, 248,  62,  62]), array([410,  23,  89,  89])]",4,4
350,0:00:17.880000,447,2,1,"[5, 6]",[6],"[array([146, 209, 324, 471]), array([286,   6, 582, 479])]","[array([402,  23,  89,  89])]",4,4
351,0:00:17.920000,448,2,1,"[5, 6]",[6],"[array([146, 209, 323, 471]), array([287,   7, 580, 479])]","[array([403,  24,  89,  89])]",4,4
352,0:00:17.960000,449,2,1,"[5, 6]",[6],"[array([145, 209, 321, 471]), array([290,   8, 578, 479])]","[array([396,  25,  89,  89])]",4,4
353,0:00:18,450,2,1,"[5, 6]",[6],"[array([142, 209, 321, 472]), array([292,   9, 574, 477])]","[array([398,  26,  89,  89])]",4,4
354,0:00:18.040000,451,2,2,"[5, 6]","[5, 6]","[array([140, 209, 322, 472]), array([290,   9, 570, 477])]","[array([186, 247,  75,  75]), array([396,  26,  89,  89])]",4,4
355,0:00:18.080000,452,2,2,"[5, 6]","[5, 6]","[array([141, 209, 319, 473]), array([290,  10, 566, 476])]","[array([187, 247,  75,  75]), array([396,  27,  89,  89])]",4,4
356,0:00:18.120000,453,2,2,"[5, 6]","[5, 6]","[array([142, 208, 320, 474]), array([291,  11, 562, 476])]","[array([188, 246,  75,  75]), array([397,  28,  89,  89])]",4,4
357,0:00:18.160000,454,2,2,"[5, 6]","[5, 6]","[array([146, 208, 318, 474]), array([287,   5, 558, 475])]","[array([184, 246,  75,  75]), array([393,  31,  89,  90])]",4,4
358,0:00:18.200000,455,2,2,"[5, 6]","[5, 6]","[array([146, 208, 318, 473]), array([286,   6, 557, 475])]","[array([184, 246,  75,  75]), array([392,  23,  89,  89])]",4,4
359,0:00:18.240000,456,2,2,"[5, 6]","[5, 6]","[array([141, 207, 319, 473]), array([286,   7, 555, 474])]","[array([186, 253,  62,  62]), array([392,  24,  89,  89])]",4,4
360,0:00:18.280000,457,2,2,"[5, 6]","[5, 6]","[array([145, 207, 318, 473]), array([280,   5, 555, 476])]","[array([183, 245,  75,  75]), array([386,  31,  89,  90])]",4,4
361,0:00:18.320000,458,2,2,"[5, 6]","[5, 6]","[array([149, 207, 318, 471]), array([281,   4, 553, 476])]","[array([179, 245,  74,  75]), array([387,  30,  89,  90])]",4,4
362,0:00:18.360000,459,2,2,"[5, 6]","[5, 6]","[array([153, 207, 318, 471]), array([285,   4, 549, 478])]","[array([184, 253,  62,  62]), array([381,  30,  89,  90])]",4,4
363,0:00:18.400000,460,2,2,"[5, 6]","[5, 6]","[array([154, 208, 317, 472]), array([283,   4, 549, 479])]","[array([175, 246,  75,  75]), array([379,  30,  89,  90])]",4,4
364,0:00:18.440000,461,2,2,"[5, 6]","[5, 6]","[array([155, 208, 318, 474]), array([280,   4, 549, 479])]","[array([176, 246,  75,  75]), array([376,  30,  89,  90])]",4,4
365,0:00:18.480000,462,2,2,"[5, 6]","[5, 6]","[array([159, 206, 314, 475]), array([280,   4, 548, 479])]","[array([164, 244,  74,  75]), array([376,  30,  89,  90])]",4,4
366,0:00:18.520000,463,2,2,"[5, 6]","[5, 6]","[array([155, 205, 310, 474]), array([278,   4, 548, 479])]","[array([166, 251,  62,  62]), array([374,  30,  89,  90])]",4,4
367,0:00:18.560000,464,2,1,"[5, 6]",[6],"[array([140, 204, 307, 474]), array([277,   6, 545, 478])]","[array([373,  32,  89,  90])]",4,4
368,0:00:18.600000,465,2,1,"[5, 6]",[6],"[array([145, 205, 300, 475]), array([273,   6, 544, 478])]","[array([369,  32,  89,  90])]",4,4
369,0:00:18.640000,466,2,1,"[5, 6]",[6],"[array([148, 206, 294, 476]), array([268,   6, 542, 479])]","[array([364,  32,  89,  90])]",4,4
370,0:00:18.680000,467,2,1,"[5, 6]",[6],"[array([152, 209, 287, 475]), array([268,   6, 539, 479])]","[array([364,  32,  89,  90])]",4,4
371,0:00:18.720000,468,2,1,"[5, 6]",[6],"[array([152, 215, 286, 473]), array([272,   6, 533, 478])]","[array([358,  32,  89,  90])]",4,4
372,0:00:18.760000,469,2,1,"[5, 6]",[6],"[array([149, 216, 282, 475]), array([276,   7, 529, 478])]","[array([352,  33,  89,  90])]",4,4
373,0:00:18.800000,470,2,1,"[5, 6]",[6],"[array([140, 216, 283, 476]), array([283,   6, 525, 479])]","[array([349,  32,  89,  90])]",4,4
374,0:00:18.840000,471,2,1,"[5, 6]",[6],"[array([137, 219, 283, 476]), array([283,   6, 523, 479])]","[array([349,  32,  89,  90])]",4,4
375,0:00:18.880000,472,2,1,"[5, 6]",[6],"[array([128, 221, 279, 474]), array([284,   6, 519, 479])]","[array([340,  32,  89,  90])]",4,4
376,0:00:18.920000,473,2,1,"[5, 6]",[6],"[array([117, 219, 275, 475]), array([281,   3, 514, 479])]","[array([337,  29,  89,  90])]",4,4
377,0:00:18.960000,474,2,1,"[5, 6]",[6],"[array([103, 218, 273, 475]), array([278,   1, 510, 479])]","[array([334,  27,  89,  90])]",4,4
378,0:00:19,475,2,1,"[5, 6]",[6],"[array([ 70, 219, 258, 475]), array([320,   2, 498, 476])]","[array([336,  28,  90,  90])]",4,4
379,0:00:19.040000,476,2,1,"[5, 6]",[6],"[array([ 34, 219, 246, 475]), array([331,   0, 496, 475])]","[array([317,  26, 100,  90])]",4,4
380,0:00:19.080000,477,2,1,"[5, 6]",[6],"[array([ 31, 219, 231, 475]), array([332,   0, 495, 475])]","[array([318,  26, 100,  90])]",4,4
381,0:00:19.120000,478,2,1,"[5, 6]",[6],"[array([ 25, 218, 227, 477]), array([332,   0, 493, 476])]","[array([308,  26, 100,  90])]",4,4
382,0:00:19.160000,479,2,1,"[5, 6]",[6],"[array([ 25, 217, 218, 477]), array([317,   2, 490, 475])]","[array([303,  28, 100,  90])]",4,4
383,0:00:19.200000,480,2,1,"[5, 6]",[6],"[array([ 28, 215, 210, 477]), array([315,   5, 482, 475])]","[array([301,  22, 100,  89])]",4,4
384,0:00:19.240000,481,2,1,"[5, 6]",[6],"[array([ 28, 213, 202, 478]), array([278,   7, 483, 475])]","[array([298,  15, 107, 108])]",4,4
385,0:00:19.280000,482,2,1,"[5, 6]",[6],"[array([ 17, 212, 199, 478]), array([201,   5, 485, 478])]","[array([292,  13, 108, 108])]",4,4
386,0:00:19.320000,483,2,1,"[5, 6]",[6],"[array([ 15, 211, 192, 479]), array([183,   5, 471, 479])]","[array([299,  22,  89,  89])]",4,4
387,0:00:19.360000,484,2,0,"[5, 6]",,"[array([ 14, 213, 189, 478]), array([170,   7, 465, 479])]",,4,4
388,0:00:19.400000,485,2,0,"[5, 6]",,"[array([  5, 213, 186, 477]), array([169,   7, 459, 479])]",,4,4
389,0:00:19.440000,486,2,0,"[5, 6]",,"[array([  6, 214, 180, 476]), array([182,   4, 448, 479])]",,4,4
390,0:00:19.480000,487,2,0,"[5, 6]",,"[array([  5, 214, 174, 475]), array([182,   2, 444, 478])]",,4,4
391,0:00:19.520000,488,2,0,"[5, 6]",,"[array([  4, 214, 165, 475]), array([201,   0, 433, 477])]",,4,4
392,0:00:19.560000,489,2,0,"[5, 6]",,"[array([  0, 216, 161, 475]), array([204,   2, 429, 475])]",,4,4
393,0:00:19.600000,490,2,0,"[5, 6]",,"[array([  0, 222, 156, 473]), array([219,   2, 424, 473])]",,4,4
394,0:00:19.640000,491,2,1,"[5, 6]",[6],"[array([  0, 221, 152, 474]), array([218,   1, 421, 474])]","[array([226,   9, 107, 108])]",4,4
395,0:00:19.680000,492,2,0,"[5, 6]",,"[array([  0, 222, 155, 475]), array([217,   1, 414, 477])]",,4,4
396,0:00:19.720000,493,2,0,"[5, 6]",,"[array([  3, 222, 132, 477]), array([216,   0, 412, 478])]",,4,4
397,0:00:19.760000,494,2,0,"[5, 6]",,"[array([  0, 221, 122, 476]), array([207,   0, 410, 476])]",,4,4
398,0:00:19.800000,495,2,0,"[5, 6]",,"[array([  2, 224, 103, 476]), array([206,   4, 408, 472])]",,4,4
399,0:00:19.840000,496,2,0,"[5, 6]",,"[array([  0, 225,  94, 476]), array([203,   8, 406, 471])]",,4,4
400,0:00:19.880000,497,1,0,[6],,"[array([200,  10, 401, 472])]",,4,4
401,0:00:19.920000,498,1,0,[6],,"[array([188,   3, 398, 474])]",,4,4
402,0:00:19.960000,499,1,1,[6],[6],"[array([182,   1, 393, 478])]","[array([166,  21, 119, 108])]",4,4
403,0:00:20,500,1,1,[6],[6],"[array([180,   2, 382, 479])]","[array([186,  28,  90,  90])]",4,4
404,0:00:20.040000,501,1,1,[6],[6],"[array([176,   5, 379, 478])]","[array([182,  31,  90,  90])]",4,4
405,0:00:20.080000,502,1,1,[6],[6],"[array([179,   8, 365, 476])]","[array([165,  34, 100,  90])]",4,4
406,0:00:20.120000,503,1,0,[6],,"[array([173,  11, 358, 476])]",,4,4
407,0:00:20.160000,504,1,1,[6],[6],"[array([168,  11, 350, 478])]","[array([154,  37, 100,  90])]",4,4
408,0:00:20.200000,505,1,0,[6],,"[array([165,  11, 348, 479])]",,4,4
409,0:00:20.240000,506,1,1,[6],[6],"[array([162,   9, 340, 479])]","[array([168,  35,  90,  90])]",4,4
410,0:00:20.280000,507,1,1,[6],[6],"[array([158,   7, 337, 479])]","[array([164,  33,  90,  90])]",4,4
411,0:00:20.320000,508,1,1,[6],[6],"[array([161,   8, 329, 479])]","[array([147,  34, 100,  90])]",4,4
412,0:00:20.360000,509,1,1,[6],[6],"[array([158,   9, 323, 479])]","[array([144,  35, 100,  90])]",4,4
413,0:00:20.400000,510,1,0,[6],,"[array([147,  11, 318, 479])]",,4,4
414,0:00:20.440000,511,1,0,[6],,"[array([129,  14, 315, 476])]",,4,4
415,0:00:20.480000,512,1,0,[6],,"[array([120,  15, 309, 475])]",,4,4
416,0:00:20.520000,513,1,0,[6],,"[array([103,  14, 310, 475])]",,4,4
417,0:00:20.560000,514,1,0,[6],,"[array([103,  16, 301, 474])]",,4,4
418,0:00:20.600000,515,1,0,[6],,"[array([ 96,  18, 296, 473])]",,4,4
419,0:00:20.640000,516,1,1,[6],[6],"[array([ 96,  19, 288, 474])]","[array([112,  36,  90,  89])]",4,4
420,0:00:20.680000,517,1,0,[6],,"[array([ 92,  22, 285, 475])]",,4,4
421,0:00:20.720000,518,1,0,[6],,"[array([ 95,  22, 280, 475])]",,4,4
422,0:00:20.760000,519,1,0,[6],,"[array([ 78,  23, 280, 475])]",,4,4
423,0:00:20.800000,520,1,1,[6],[6],"[array([ 69,  23, 274, 475])]","[array([75, 40, 90, 89])]",4,4
424,0:00:20.840000,521,1,1,[6],[6],"[array([ 60,  24, 268, 474])]","[array([66, 41, 90, 89])]",4,4
425,0:00:20.880000,522,1,0,[6],,"[array([ 49,  23, 263, 472])]",,4,4
426,0:00:20.920000,523,1,0,[6],,"[array([ 51,  22, 253, 470])]",,4,4
427,0:00:20.960000,524,1,0,[6],,"[array([ 43,  20, 250, 474])]",,4,4
428,0:00:21,525,1,0,[6],,"[array([ 30,  20, 239, 475])]",,4,4
429,0:00:21.040000,526,1,0,[6],,"[array([ 29,  18, 222, 474])]",,4,4
430,0:00:21.080000,527,1,0,[6],,"[array([  7,  15, 219, 476])]",,4,4
431,0:00:21.120000,528,1,0,[6],,"[array([  6,  15, 189, 476])]",,4,4
432,0:00:21.160000,529,1,0,[6],,"[array([  2,  15, 175, 478])]",,4,4
433,0:00:21.200000,530,1,0,[6],,"[array([  0,  13, 171, 478])]",,4,4
434,0:00:21.240000,531,1,0,[6],,"[array([  0,  13, 163, 478])]",,4,4
435,0:00:21.280000,532,1,0,[6],,"[array([  0,  12, 154, 478])]",,4,4
